idx,name,met,tags
0,"Bicycling, mountain, uphill, vigorous",14,Bicycling
1,"Bicycling, BMX",8.5,Bicycling
2,"Bicycling, mountain, general",8.5,Bicycling
3,"Bicycling, to/from work, self selected pace",6.8,Bicycling
4,"Bicycling, on dirt or farm road, moderate pace",5.8,Bicycling
5,"Bicycling, general",7,Bicycling
6,"Bicycling, self-selected easy pace",4.3,Bicycling
7,"Bicycling, self-selected moderate pace",7,Bicycling
8,"Bicycling, self-selected vigorous pace",9,Bicycling
9,Unicycling,5,Bicycling
10,"Bicycling, stationary, general",6.8,Bicycling
11,"Bicycling, stationary, 25-30 watts, very light to light effort",3.5,Bicycling
12,"Bicycling, stationary, 50 watts, light effort",4,Bicycling
13,"Bicycling, stationary, 60 watts, light to moderate effort",5,Bicycling
14,"Bicycling, stationary, 70-80 watts",5.8,Bicycling
15,"Bicycling, stationary, 90-100 watts,  moderate to vigorous",6,Bicycling
16,"Bicycling, stationary, 101-125 watts",6.8,Bicycling
17,"Bicycling, stationary, 126-150 watts",8,Bicycling
18,"Bicycling, stationary, 151-199 watts",10.3,Bicycling
19,"Bicycling, stationary, 200-229 watts, vigorous",10.8,Bicycling
20,"Bicycling, stationary, 230-250 watts, very vigorous",12.5,Bicycling
21,"Bicycling, stationary, 270-305 watts, very vigorous",13.8,Bicycling
22,"Bicycling, stationary, >325 watts, very vigorous",16.3,Bicycling
23,"Bicycling, concentric only, 100 W",5.5,Bicycling
24,"Bicycling, concentric only, 200 W",11,Bicycling
25,"Bicycling, eccentric only, 100 to 149 W",2.3,Bicycling
26,"Bicycling, eccentric only, 200 W",4,Bicycling
27,"Bicycling, stationary, RPM/Spin bike class",9,Bicycling
28,"Bicycling, interactive virtual cycling, indoor cycle ergometer",8.8,Bicycling
29,"Bicycling, high intensity interval training",8.8,Bicycling
30,"Aerobic, general",7.3,Conditioning Exercise
31,"Aerobic, step, with 4-inch step",5.5,Conditioning Exercise
32,"Aerobic, step, with 6-8 inch step",7.3,Conditioning Exercise
33,"Aerobic, step, with 10-12 inch step",9,Conditioning Exercise
34,"Bench step class, general",7.8,Conditioning Exercise
35,"Aerobic dance, low impact, moderate effort",4.8,Conditioning Exercise
36,"Aerobic dance, high impact, vigorous effort",8,Conditioning Exercise
37,Aerobic dance wearing 10-15 lb weights,10,Conditioning Exercise
38,"Calisthenics (e.g., pushups, sit ups, pull-ups, jumping jacks, burpees, battling ropes), vigorous effort",7.5,Conditioning Exercise
39,"Calisthenics (e.g., pushups, sit ups, pull-ups, lunges), moderate effort",3.8,Conditioning Exercise
40,"Calisthenics (e.g., curl ups, abdominal crunches, plank),  light effort",2.8,Conditioning Exercise
41,"Calisthenics, light or moderate effort, general (e.g., back exercises), going up & down from floor",3.5,Conditioning Exercise
42,"Circuit training, body weight exercises",6,Conditioning Exercise
43,"Circuit training, light effort",3.5,Conditioning Exercise
44,"Circuit training, moderate effort",5,Conditioning Exercise
45,"Circuit training, including kettlebells, some aerobic movement with minimal rest, general, vigorous intensity",7.5,Conditioning Exercise
46,"Elliptical trainer, moderate effort",5,Conditioning Exercise
47,"Elliptical trainer, vigorous effort",9,Conditioning Exercise
48,"Resistance (weight lifting - free weight, nautilus or universal-type), power lifting or body building, vigorous effort",6,Conditioning Exercise
49,"Resistance (weight) training, squats, deadlift, slow or explosive effort",5,Conditioning Exercise
50,"Resistance (weight) training, multiple exercises, 8-15 reps at varied resistance",3.5,Conditioning Exercise
51,"Resistance Training, circuit, reciprocol supersets, peripheral hear action training",5.8,Conditioning Exercise
52,"Body weight resistance exercises (e.g., squat, lunge, push-up, crunch), general",3,Conditioning Exercise
53,"Body weight resistance exercises (e.g., squat, lunge, push-up, crunch), high intensity",6.5,Conditioning Exercise
54,Kettle bell swings,9.8,Conditioning Exercise
55,"Health club exercise, general",5.5,Conditioning Exercise
56,"Health club exercise classes general, gym/weight training combined in one visit",5,Conditioning Exercise
57,"Health club exercise, conditioning classes",7.8,Conditioning Exercise
58,"Stair treadmill ergometer, general",9.3,Conditioning Exercise
59,"Rope skipping exercise, general",11,Conditioning Exercise
60,"Jumping rope, Digi-Jump Maching, 120 jumps/minute",9,Conditioning Exercise
61,"Rowing, stationary ergometer, general, vigorous effort",7.3,Conditioning Exercise
62,"Rowing, stationary ergometer, general, <100 watts,  moderate effort",5,Conditioning Exercise
63,"Rowing, stationary, 100 to 149 watts, vigorous effort",7.5,Conditioning Exercise
64,"Rowing, stationary, 150 to 199 watts, vigorous effort",11,Conditioning Exercise
65,"Rowing, stationary, 200+ watts, very vigorous effort",14,Conditioning Exercise
66,"Shuttle running, forward/backward/lateral",11,Conditioning Exercise
67,"Ski machine, general",6.8,Conditioning Exercise
68,"Ski ergometer, cross country, double poling, slow to moderate speed",10.5,Conditioning Exercise
69,"Ski ergometer, cross country, double poling, fast to maximum speed",18,Conditioning Exercise
70,"Slide board exercise, general",10.5,Conditioning Exercise
71,"Slimnastics, jazzercise",6,Conditioning Exercise
72,"Stretching, mild",2.3,Conditioning Exercise
73,"Pilates, traditional, mat",1.8,Conditioning Exercise
74,"Pilates, general",2.8,Conditioning Exercise
75,"Pound, combination of Pilates and body movements with drumming",8.5,Conditioning Exercise
76,"Pole dancing, exercise class",4.5,Conditioning Exercise
77,"Teaching exercise classes (e.g., aerobic, water)",6.8,Conditioning Exercise
78,"Therapeutic exercise ball, Fitball exercise",2.8,Conditioning Exercise
79,"Therapeutic exercise ball, Fitball exercise, high intensity",9.5,Conditioning Exercise
80,"Upper body exercise, arm ergometer, general, light",2.8,Conditioning Exercise
81,"Arm Ergometer, hand bike, 15W",2,Conditioning Exercise
82,"Arm Ergometer, hand bike, 25-30W",2.8,Conditioning Exercise
83,"Arm Ergometer, hand bike, 45W",3.5,Conditioning Exercise
84,"Upper body exercise, stationary bicycle - Airdyne (arms only) 40 rpm, moderate intensity",4.3,Conditioning Exercise
85,"Water aerobics, water calisthenics, water exercise",5.3,Conditioning Exercise
86,"Whirlpool, sitting",1.3,Conditioning Exercise
87,"Yoga, Hatha",2.3,Conditioning Exercise
88,"Yoga, Hatha, high intensity",8,Conditioning Exercise
89,"Yoga, Hot",3,Conditioning Exercise
90,"Yoga, Power",4,Conditioning Exercise
91,"Yoga, Nadisodhana",2,Conditioning Exercise
92,"Yoga, General",2.3,Conditioning Exercise
93,"Yoga, Surya Namaskar",3.5,Conditioning Exercise
94,"Yoga, Vinyasa",2.7,Conditioning Exercise
95,"Native New Zealander PA, (e.g., Haka Powhiri, Poi, Moteatea, etc.), general moderate effort",5.3,Conditioning Exercise
96,"Native New Zealander PA, general, vigorous effort",6.8,Conditioning Exercise
97,"High intensity interval exercise, moderate effort",7,Conditioning Exercise
98,"High intensity interval exercise,  burpees, mountain climbers, squat jumps, Tabata, vigorous effort",11,Conditioning Exercise
99,"Balance Exercise Assist Robot (BEAR), simulated skiing, tennis, rodeo",2.3,Conditioning Exercise
100,Hooping (formerly known as hula-hooping),5.8,Conditioning Exercise
101,"Impulse Training System, Inertial Exercise Trainer",9,Conditioning Exercise
102,"Virtual Reality Fitness,  Supernatural 'Flow' , 'Boxing' vigorous intensity",7.9,Conditioning Exercise
103,"Zumba, group class",6.5,Conditioning Exercise
104,"Zumba, home video",5.5,Conditioning Exercise
105,"Afro-Cuban salsa (Cuban cha-cha-cha, mambo, Afro rumba, contratiempo son steps, orisha/santo movements)",6,Dancing
106,"Ballet, modern, or jazz general, rehearsal or class",5,Dancing
107,"Ballet exercises (plie, tendus, jetes, rond de Jambes, fondus, grand battement, grand adage, sautes, temp Leve's)",6.3,Dancing
108,"Ballet, modern, or jazz, performance, vigorous effort",6.8,Dancing
109,Tap,4.8,Dancing
110,"Ethnic or cultural dancing (e.g. Greek, Middle Eastern, hula, salsa, merengue, bamba y plena,  flamenco, belly, and swing)",4.5,Dancing
111,"Chinese square dance, Ballet & Tibetan dance",5.5,Dancing
112,"Chinese square dance, aerobic dance",7.3,Dancing
113,"Ballroom dancing, fast",5.5,Dancing
114,"Folk dancing, moderate effort",5,Dancing
115,"Anishinaabe Jingle dancing, brisk pace, other traditional American Indian dancing performed by women, moderate effort",5.5,Dancing
116,"Caribbean dance (Abakua, Beguine, Bellair, Bongo, Brukin's, Caribbean Quadrills, Dinki  Mini, Gere, Gumbay, Ibo, Jonkonnu, Kumina,  Oreisha, Jambu)",3.5,Dancing
117,Flamenco dance,8.5,Dancing
118,"Jazz dancing, general",4.5,Dancing
119,"Musical Theater, Singing/dancing",10.3,Dancing
120,"Polynesian dance, Hawaiian hula slow, Maori haka, Tongan",5.8,Dancing
121,"Polynesian dance, Hawaiian hula fast, Samoan sasa, Fijian style fast, Filipino Tinikling",7,Dancing
122,"Polynesian dance, Samoan slap, Tahitian",8.8,Dancing
123,"Salsa Dancing, with partner",4.8,Dancing
124,"Salsa dancing, to a video",6.3,Dancing
125,"Square Dancing, American Western, country",5.5,Dancing
126,Jog/walk combination (jogging component of less than 10 minutes),6,Running
127,"Jogging, general, self-selected pace",7.5,Running
128,"Jogging, in place",4.8,Running
129,Jogging 2.6 to 3.7 mph,3.3,Running
130,Jogging on a mini-tramp,4.5,Running
131,"Running, 4 to 4.2 mph (13 min/mile)",6.5,Running
132,Running 4.3 to 4.8 mph,7.8,Running
133,"Running, 5.0 to 5.2 mph (12 min/mile)",8.5,Running
134,"Running, 5.5 -5.8 mph",9,Running
135,"Running, 6-6.3 mph (10 min/mile)",9.3,Running
136,"Running, 6.7 mph (9 min/mile)",10.5,Running
137,"Running, 7 mph (8.5 min/mile)",11,Running
138,"Running, 7.5 mph (8 min/mile)",11.8,Running
139,"Running, 8 mph (7.5 min/mile)",12,Running
140,"Running, 8.6 mph (7 min/mile)",12.5,Running
141,"Running, 9 mph (6.5 min/mile)",13,Running
142,"Running, 9.3 to 9.6 mph",14.8,Running
143,"Running, 10 mph (6 min/mile)",14.8,Running
144,"Running, 11 mph (5.5 min/mile)",16.8,Running
145,"Running, 12 mph (5.0 min/mile)",18.5,Running
146,"Running, 13 mph (4.6 min/mile)",19.8,Running
147,"Running, 14 mph (4.3 min/mile)",23,Running
148,"Running, cross country",9.3,Running
149,"Running, self-selected pace",10.5,Running
150,Running,8,Running
151,"Running, stairs, up",15,Running
152,"Running, on a track, team practice",10,Running
153,"Running uphill, 4.5mph, 5% incline",10.3,Running
154,"Running uphill, 6.0 mph, 5% incline",13.3,Running
155,"Running uphill, 7.0 mph, 5% incline",15.5,Running
156,"Running uphill, 5.0 to 5.9 mph, 15% incline",17.5,Running
157,"Running uphill, 0.6 to 0.79 mph, 30% incline",8.8,Running
158,"Running uphill, 0.8 to 0.99 mph, 30% incline",10.3,Running
159,"Running uphill, 1.0 to 1.19 mph, 30% incline",11.8,Running
160,"Running uphill, 1.2 to 1.39 mph, 30-40% incline",13.5,Running
161,"Running uphill, 1.4 to 1.59 mph, 30% incline",14.8,Running
162,"Running uphill, >1.6mph, 10-30% incline",16.3,Running
163,"Running, hilly terrain, 100m change in elevation",16,Running
164,"Running downhill, 5.0 to 5.9 mph, -10% to -15%",5.8,Running
165,"Running downhill, 6.0 to 6.9 mph, -10% to -15%",7.5,Running
166,"Running downhill, 7.0 to 8.9 mph, -10% to -15%",9,Running
167,"Running downhill, 6.0 to 7.9 mph, -3% to -9%",9.3,Running
168,"Running downhill, 8.0 to 10.5 mph, -3% to -9%",13.8,Running
169,"Running/jogging, curved treadmill, 3.0 to 3.9 mph",5.3,Running
170,"Running/jogging, curved treadmill, 4.0 to 4.9 mph",6.5,Running
171,"Running curved treadmill, 5.0 to 5.9 mph",11,Running
172,"Running curved treadmill, 7.0 to 7.9 mph",12,Running
173,"Running curved treadmill, 8.0 to 8.9 mph",14,Running
174,"Running curved treadmill, 9.0 to 9.9 mph",16.8,Running
175,"Running, 5.0 - 5.9 mph, 1.0 to 3.0 kg backpack",8.5,Running
176,"Running, 6.0 - 6.9 mph, 1.0 to 3.0 kg backpack",9.5,Running
177,"Running, 7.0 - 7.9 mph, 1.0 to 3.0 kg backpack",9.8,Running
178,"Running, 8.0 - 8.9 mph, 1.0 to 3.0 kg backpack",12,Running
179,"Running, barefoot, 3.5-5.9 mph",7.8,Running
180,"Running, barefoot, 6.0-7.9 mph",12,Running
181,"Running, barefoot, 8.0-8.9 mph",13.5,Running
182,"Running, jogging stroller, indoors, 5 mph",8,Running
183,"Running, jogging stroller, indoors, 6 mph",9,Running
184,"Running, jogging stroller, outdoors, 5 mph",10,Running
185,"Running, jogging stroller, outdoors, 6 mph",11.5,Running
186,"Skipping, 5.5-6.0 mph",11.5,Running
187,Archery,4.3,Sports
188,"Badminton, social singles and doubles, general",5.5,Sports
189,"Basketball, game",8,Sports
190,"Basketball, non-game, general",6,Sports
191,"Basketball, general",7.5,Sports
192,"Basketball, officiating",5.8,Sports
193,"Basketball, shooting baskets",5,Sports
194,"Basketball, drills, practice",9.3,Sports
195,Bowling,3,Sports
196,"Boxing, punching bag",5.8,Sports
197,"Boxing, punching bag, 60 b/min",7,Sports
198,"Boxing, punching bag, 120 b/min",8.5,Sports
199,"Boxing, punching bag, 180 b/min",10.8,Sports
200,"Boxing, simulated boxing round, exercise",9.3,Sports
201,Broomball,7,Sports
202,"Children's games, adults playing  (e.g., hopscotch, 4-square, dodge ball, playground apparatus, t-ball,  tetherball, marbles, jacks, arcade games), moderate effort",5.8,Sports
203,"Coaching, actively playing sport with players",8,Sports
204,"Cricket, batting, bowling, fielding",4.8,Sports
205,Croquet,3.3,Sports
206,Curling,4,Sports
207,"Darts, wall or lawn",2.5,Sports
208,Futsal,7.8,Sports
209,"Fencing, general",6,Sports
210,Floorball,10.5,Sports
211,"Football, touch, flag, general",8,Sports
212,"Football, touch, flag, light effort",4,Sports
213,"Football or baseball, playing catch",2.5,Sports
214,"Frisbee playing, general",3,Sports
215,"Frisbee, ultimate",8,Sports
216,Frisbee golf,3.8,Sports
217,"Golf, general",4.5,Sports
218,"Golf, walking, carrying clubs",4.3,Sports
219,"Golf, miniature, driving range",3.5,Sports
220,"Golf, walking, pulling clubs",4.5,Sports
221,"Golf, using power cart",3.5,Sports
222,"Gymnastics, general",3.8,Sports
223,Hacky sack,4,Sports
224,"Handball, general",12,Sports
225,"High ropes course, multiple elements",4,Sports
226,Hang gliding,3.5,Sports
227,"Hockey, field",7.8,Sports
228,"Hockey, ice, general",8,Sports
229,"Horseback riding, general",5.5,Sports
230,"Horse grooming, maintenance, saddling tasks",4.5,Sports
231,"Horseback riding, trotting",5.8,Sports
232,"Horseback riding, canter or gallop",7.3,Sports
233,"Horseback riding, walking",3.8,Sports
234,"Horseback riding, jumping",9,Sports
235,"Horseback riding, reining",6,Sports
236,"Horseback riding, simulator",2.1,Sports
237,"Horse cart, driving, standing or sitting",1.8,Sports
238,"Horseshoe pitching, quoits",3,Sports
239,Jai alai,12,Sports
240,"Martial Arts, different types, slower pace, novice performers, practice",5.3,Sports
241,"Martial Arts, different types, moderate pace (e.g., judo, jujitsu, karate, kick boxing, tae kwon do, tai-bo, Muay Thai boxing)",10.3,Sports
242,"Taekwondo, combat simulation",14.3,Sports
243,Judo,11.3,Sports
244,Juggling,4,Sports
245,"Kendu, kihon-keiko style, moderate intensity",6.5,Sports
246,"Kendu, kirikaeshi style, high intensity",9.6,Sports
247,"Kendu, kakari keiko style, very high intensity",11.3,Sports
248,Kickball,7,Sports
249,Kung Fu Gymnastics,5.5,Sports
250,Kickboxing,7.3,Sports
251,Lacrosse,8,Sports
252,"Lawn bowling, bocce ball, outdoor",3.3,Sports
253,"Motocross, off-road motor sports, all-terrain vehicle, general",4,Sports
254,Netball,7,Sports
255,Orienteering,9,Sports
256,"Paddleball, casual, general",6,Sports
257,"Paragliding, moderate altitude",1.8,Sports
258,Prusik climbing,6.5,Sports
259,"Polo, on horseback",8,Sports
260,"Race Walking, 3.1 m/s (6.9 mph)",10.3,Sports
261,"Race Walking, 3.7 m/s (8.3 mph)",13.8,Sports
262,"Race Walking, racing speed, 4.0 m/s (8.95 mph)",15.5,Sports
263,"Racquetball, general",7,Sports
264,Rock or mountain climbing,8,Sports
265,"Rock climbing, free boulder",8.8,Sports
266,"Rock climbing, ascending rock, high difficulty",7.3,Sports
267,"Rock climbing, speed climbing, very difficult",10.5,Sports
268,"Rock climbing, ascending or traversing rock, low-to-moderate difficulty",5.8,Sports
269,"Rock climbing, treadwall, 4-6 m/min",10.5,Sports
270,"Rock climbing, treadwall, 7-10 m/min",10.5,Sports
271,"Rock climbing, rappelling,",5,Sports
272,"Rodeo sports, general, light effort",4,Sports
273,"Rodeo sports, general, moderate effort",5.5,Sports
274,"Rodeo sports, general, vigorous effort",7,Sports
275,"Rope jumping, fast pace, 120-160 skips/min",12.3,Sports
276,"Rope jumping, moderate pace, general, 100 to 120 skips/min, 2 foot skip, plain bounce",11.8,Sports
277,"Rope jumping, slow pace, < 100 skips/min, 2 foot skip, rhythm bounce",8.3,Sports
278,"Rope jumping, double under or more",10,Sports
279,"Rugby, union, team, competitive",8.3,Sports
280,"Rugby, touch, non-competitive",6.3,Sports
281,Shuffleboard,3,Sports
282,"Skateboarding, general, moderate effort",5,Sports
283,"Skateboarding, competitive, vigorous effort",6,Sports
284,"Skating, roller",7,Sports
285,"Roller blading, in-line skating, 14.4 km/h (9.0 mph), recreational pace",7.5,Sports
286,"Roller blading, in-line skating, 17.7 km/h (11.0 mph), moderate pace, exercise training",9.8,Sports
287,"Roller blading, in-line skating, 21.0 to 21.7 km/h (13.0 to 13.6 mph), fast pace, exercise training",12.3,Sports
288,"Rollerblading, in-line skating, 24.0 km/h (15.0 mph), maximal effort",15.5,Sports
289,"Skateboard, longboard, 13.3 km/h, slow speed",6.8,Sports
290,"Skateboard, longboard, 16.2 km/h, typical speed",8.3,Sports
291,"Skateboard, longboard, 18.4 km/h, fast speed",10.5,Sports
292,"Skydiving, base-jumping, bungee jumping",3.5,Sports
293,"Soccer, competitive",9.5,Sports
294,"Soccer, casual, general",7,Sports
295,Walking football/soccer,3.5,Sports
296,"Softball or baseball, fast or slow pitch, general, moderate effort",5,Sports
297,"Softball, practice",4,Sports
298,"Softball, officiating",4,Sports
299,"Softball, pitching",6,Sports
300,"Sports spectator, very excited, emotional, physically moving",3.3,Sports
301,Squash,12,Sports
302,"Squash, general",7.3,Sports
303,"Table tennis, ping pong",4,Sports
304,"Tai chi, qi gong, general",3.3,Sports
305,"Tai chi, qi gong, sitting, light effort",1.5,Sports
306,"Tai chi chuan, Yang style",6,Sports
307,"Tennis, general, moderate effort",6.8,Sports
308,"Tennis, general, competitive",8,Sports
309,"Tennis, doubles",6,Sports
310,"Tennis, singles",8,Sports
311,"Tennis, hitting balls, non-game play, moderate effort",5,Sports
312,"Trampoline, recreational",6.3,Sports
313,"Volleyball, competitive, in gymnasium",6,Sports
314,"Volleyball, non-competitive, 6 - 9 member team, general",3,Sports
315,"Volleyball, beach, in sand",8,Sports
316,"Wrestling, competitive (one match = 5 minutes)",6,Sports
317,"Wallyball, general",7,Sports
318,"Track and field (e.g., shot, discus, hammer throw)",4,Sports
319,"Track and field (e.g., high jump, long jump, triple jump, javelin, pole vault)",6,Sports
320,"Track and field (e.g., steeplechase, hurdles)",10,Sports
321,"Climbing hills, no load, 5 to 20% grade, very slow pace",5,Walking
322,"Climbing hills, 15-50 lb load, 1 to 2% grade, slow pace",3.8,Walking
323,"Climbing hills, no load, 1 to 5% grade, moderate-to-brisk pace",5.3,Walking
324,"Climbing hills, no load, 6 to 10% grade, moderate-to-brisk pace",7,Walking
325,"Climbing hills, no load, 11 to 20% grade, slow-to-moderate pace",8.8,Walking
326,"Climbing hills, no load, 4.0 to 5.0 mph, 3 to 5% grade, very fast pace",10,Walking
327,"Climbing hills, no load, steep grade (30%), slow pace (less than 1.2 mph)",8.5,Walking
328,"Climbing hills, no load, very steep grade (30-40%), 1.2 to 1.8 mph",15.5,Walking
329,"Climbing hills, no load, steep grade (10-40%), 1.8 to 5.0 mph",16.3,Walking
330,"Climbing hills, 10 to 20 lb load, 5 to 10% grade, moderate",6.5,Walking
331,"Climbing hills, 21 to 40 lb load, 3 to 10% grade, moderate-to-brisk pace",7.5,Walking
332,"Climbing hills, 20+ pound load, 5 to 20% grade, moderate to brisk pace",10,Walking
333,"Hiking, cross country (Taylor Code 040)",6,Walking
334,"Hiking slowly or ambling through fields and hillsides, no load",3.8,Walking
335,"Hiking or walking at a normal pace through fields and hillsides, no load",5.3,Walking
336,"Marching, moderate speed, military, no pack",4.5,Walking
337,"Marching rapidly, military, no pack",8,Walking
338,Race walking,6.5,Walking
339,"Stair climbing, general",6.8,Walking
340,"Stair climbing, slow pace",4.5,Walking
341,"Stair climbing, fast pace, one step at a time",9.3,Walking
342,"Stair climbing, two steps at a time",7.5,Walking
343,"Stair climbing, ascending and descending stairs",7.5,Walking
344,"Walking, less than 2.0 mph, level, strolling, very slow",2.3,Walking
345,"Walking, 2.0 to 2.4 mph, level, slow pace, firm surface",2.8,Walking
346,"Walking, 2.5 mph, firm, level surface",3,Walking
347,"Walking, 2.5 mph, downhill",3.3,Walking
348,"Walking, 2.8 to 3.4 mph, level, moderate pace, firm surface",3.8,Walking
349,"Walking, 3.5 to 3.9 mph, level, brisk, firm surface, walking for exercise",4.8,Walking
350,"Walking, 4.0 to 4.4 mph (6.4 to 7.0 km/h), level, firm surface, very brisk pace",5.5,Walking
351,"Walking, 4.5 to 4.9 mph, level, firm surface, very, very brisk",7,Walking
352,"Walking, 5.0 to 5.5 mph (8.8 to 8.9 km/h), level, firm surface",8.5,Walking
353,"Walking, self-selected speed, indoor track or outdoors, firm surface",4,Walking
354,"Walking, grass track",4.8,Walking
355,"Walking, normal pace, plowed field or sand",4.5,Walking
356,"Walking, for exercise, 2.5 to 3.5 mph (4.0 to 5.6 km/h), with ski poles, Nordic walking, level, moderate pace",4.3,Walking
357,"Walking, for exercise, 3.6 to 4.4 mph (5.8 to 7.1 km/h), with ski poles, Nordic walking, level, moderate pace",5.3,Walking
358,"Walking, for exercise, 4.5 to 5.0 mph, with ski poles, Nordic walking, level, fast pace",8.5,Walking
359,"Walking, for exercise, with ski poles, Nordic walking, uphill, moderate pace",8.8,Walking
360,"Walking, for exercise, with ski poles, Nordic walking, level ground, carrying 20 to 30 lb load (9.0 to 15.0 kg)",10.8,Walking
361,"Walking, for exercise, with ski poles, Nordic walking, uphill, carrying 20 to 30 lb load (9.0 to 15.0 kg)",12.3,Walking
362,"Walking, backward, 3.5 mph, level",6,Walking
363,"Walking, backward, 3.5 mph, uphill, 5% grade",7.8,Walking
364,"Walking, treadmill, less than 1.0 mph, 0% grade",2.1,Walking
365,"Walking, treadmill, 1.0 mph, 0% grade",2.3,Walking
366,"Walking, treadmill, 1.2 to 1.9 mph, 0% grade (1.9 to 3.0 km/h)",2.8,Walking
367,"Walking, treadmill, 2.0 to 2.4 mph (3.2 to 3.9 km/h), 0% grade",3,Walking
368,"Walking, treadmill, 2.5 to 2.9 mph (4.0 to 4.7 km/h), 0% grade",3.5,Walking
369,"Walking, treadmill, 3.0 to 3.4 mph (4.8 to 5.5 km/h), 0% grade",3.8,Walking
370,"Walking, treadmill, 3.5 to 3.9 mph (5.6 to 6.3 km/h), 0% grade",4.8,Walking
371,"Walking, treadmill, 4.0 to 4.4 mph (6.4 to 7.1 km/h), 0% grade",5.8,Walking
372,"Walking, treadmill, 4.5 to 4.9 mph (7.2 to 7.9 km/h), 0% grade",6.8,Walking
373,"Walking, treadmill, 5.0 to 5.5 mph (8.0 to 8.9 km/h), 0% grade",8.3,Walking
374,"Walking, treadmill, downhill (-3% to -12% grade), 2.8 to 3.1 mph",3.3,Walking
375,"Walking, treadmill, downhill (-5% to -25% grade), 2.8 mph, with Nordic Poles",3.3,Walking
376,"Walking, treadmill, 2.5 mph, 0% grade, 5 to 20 degrees C, 40 lb (18.2 kg) load",4.8,Walking
377,"Walking, treadmill, 2.5 mph, 0% grade, -10 to 0 degrees C, 40 lb (18.2 kg) load",5.8,Walking
378,"Walking, Curved treadmill, 3.0 to 5.0 mph, brisk pace",8.3,Walking
379,"Walking treadmill, backwards, 2.5 mph, +10% grade",7.8,Walking
380,"Boating, power, driving",2.5,Water Activities
381,"Boating, power, passenger, light",1.3,Water Activities
382,"Canoeing, rowing, 2.0-3.9 mph, light effort",2.8,Water Activities
383,"Canoeing, rowing, 4.0-5.9 mph, moderate effort",5.8,Water Activities
384,"Canoeing, rowing, kayaking, competition, > 6 mph, vigorous effort",12.5,Water Activities
385,"Canoeing, rowing, for pleasure, general",3.5,Water Activities
386,"Diving, springboard or platform",3,Water Activities
387,"Kayaking, moderate effort",5,Water Activities
388,"Kayaking, competition",13.5,Water Activities
389,"Kayaking, slalom, flat water",9,Water Activities
390,Paddle boat,4,Water Activities
391,"Rowing, simulated crew in a water tank, single oar, 33 strokes/min,",15.5,Water Activities
392,"Rowing, single scull, ergometer, ergometer on slides, racing speed (32+ strokes/min, >10 mph)",15.5,Water Activities
393,"Sailing, boat and board sailing, windsurfing, ice sailing, general",3,Water Activities
394,"Sailing, in competition, general",4.5,Water Activities
395,"Sailing, in competition, high effort",9.3,Water Activities
396,"Sailing, Sunfish/Laser/Hobby Cat, Keel boats, ocean sailing, yachting, leisure",3.3,Water Activities
397,"Sailing, dingy",2,Water Activities
398,"Skiing, water or wake boarding",6,Water Activities
399,"Jet skiing, driving, in water",7,Water Activities
400,"Skindiving, fast",15.8,Water Activities
401,"Skindiving, moderate",11.8,Water Activities
402,"Skindiving, scuba diving, general",7,Water Activities
403,"Scuba diving, general, light effort",5.3,Water Activities
404,"Scuba diving, general, moderate effort",5.8,Water Activities
405,"Scuba diving, professional diver",5.5,Water Activities
406,"Scuba diving, recreational diver",6.8,Water Activities
407,Snorkeling,5,Water Activities
408,"Surfing, body or board, general",3,Water Activities
409,"Surfboard, paddling",6.8,Water Activities
410,"Surfing, body or board, competitive",5,Water Activities
411,"Stand up paddle boarding, general",6.5,Water Activities
412,"Stand up Paddleboard, standing, 10-19 strokes/min",2.8,Water Activities
413,"Stand up Paddleboard, standing, 20-29 strokes/min",3.8,Water Activities
414,"Stand up Paddleboard, standing, 30-39 strokes/min",5,Water Activities
415,"Stand up Paddleboard, standing, 40-49 strokes/min",9.8,Water Activities
416,"Stand up Paddleboard, standing, 50-69 strokes/min",11,Water Activities
417,"Swimming laps, freestyle, fast, vigorous effort",9.8,Water Activities
418,"Swimming laps, freestyle, slow, recreational",5.8,Water Activities
419,"Swimming, backstroke, training or competition",9.5,Water Activities
420,"Swimming, backstroke, recreational",4.8,Water Activities
421,"Swimming, breaststroke, general, training or  competition",10.3,Water Activities
422,"Swimming breaststroke, recreational",5.3,Water Activities
423,"Swimming, butterfly, general",13.8,Water Activities
424,"Swimming, crawl, fast speed, ~75 yards/minute,  vigorous effort",10.5,Water Activities
425,"Swimming, open water, 5k",10.5,Water Activities
426,"Swimming, crawl, medium speed, ~50 yards/minute, vigorous effort",8,Water Activities
427,"Swimming, crawl, slow speed, 30-45 yards/minute, moderate effort",5.8,Water Activities
428,"Swimming, crawl, elite swimmers, competition, >90 yards/minute",14.5,Water Activities
429,"Swimming, lake, ocean, river",6,Water Activities
430,"Swimming, leisurely, not lap swimming, general",6,Water Activities
431,"Swimming, sidestroke, general",7,Water Activities
432,"Swimming, synchronized",8,Water Activities
433,"Swimming, treading water, fast, vigorous effort",9.8,Water Activities
434,"Swimming, treading water, moderate effort,  general",3.5,Water Activities
435,"Tubing, floating on a river, general",2.3,Water Activities
436,"Water aerobics, water calisthenics, general",5.5,Water Activities
437,"Water aerobics, resistance exercises",3.8,Water Activities
438,"Water aerobics, high intensity",7.5,Water Activities
439,Water polo,10,Water Activities
440,Water volleyball,3,Water Activities
441,"Water jogging, vigorous effort",9.8,Water Activities
442,"Water walking, light effort, slow pace",2.5,Water Activities
443,"Water walking, moderate effort, moderate pace",4.8,Water Activities
444,"Water walking, vigorous effort, brisk pace",6.8,Water Activities
445,"Whitewater rafting, kayaking, or canoeing",5,Water Activities
446,"Water running, 30 steps/min, slow",6.5,Water Activities
447,"Water running, 40 steps/min, moderate",7.5,Water Activities
448,"Water running, 50 steps/min, fast",8.5,Water Activities
449,"Water running, 60 steps/min, very fast",9.8,Water Activities
450,"Windsurfing, not pumping for speed",5,Water Activities
451,"Windsurfing or kitesurfing, crossing trial",11,Water Activities
452,"Windsurfing, competition, pumping for speed",14,Water Activities
453,"Aquatic cycling, 25 W, 40-50 RPM",2.8,Water Activities
454,"Aquatic cycling, 25 W, 60-70 RPM",4.8,Water Activities
455,"Aquatic cycling, 50 W, 40-50 RPM",3.8,Water Activities
456,"Aquatic cycling,  50 W, 60-70 RPM",6,Water Activities
457,"Aquatic cycling, 75 W, 40-50 RPM",5,Water Activities
458,"Aquatic cycling, 75 W, 60-70 RPM",6.3,Water Activities
459,"Aquatic cycling, 100 W, 40-50 RPM",6.3,Water Activities
460,"Aquatic cycling, 100 W, 60-70 RPM",7.5,Water Activities
461,"Aquatic cycling, 80-89 RPM",8.5,Water Activities
462,"Aquatic cycling, 90+ RPM",10.3,Water Activities
463,"Dog sledding, mushing",7.5,Winter Activities
464,"Dog sledding, passenger",2.5,Winter Activities
465,"Moving icehouse, set up/drill holes",6,Winter Activities
466,Ice fishing,2,Winter Activities
467,"Skating, ice dancing",14,Winter Activities
468,"Skating, ice, 9 mph or less",5.5,Winter Activities
469,"Skating, ice, general",7,Winter Activities
470,"Skating, ice, rapidly, more than 9 mph but not competitive",9,Winter Activities
471,"Skating Treadmill, 6 - 6.9 mph, 2% grade",9,Winter Activities
472,"Skating Treadmill, 7 - 7.9 mph, 2% grade",10,Winter Activities
473,"Skating Treadmill, 8 - 8.9 mph, 2% grade",10.5,Winter Activities
474,"Skating Treadmill, 9 - 9.9 mph, 2% grade",11,Winter Activities
475,"Skating, speed, competitive",13.8,Winter Activities
476,"Ski jumping, climb up carrying skis",7,Winter Activities
477,"Skiing, general",7,Winter Activities
478,"Skiing, cross country, 2.5 mph, slow or light effort, ski walking",6.8,Winter Activities
479,"Skiing, cross country, 4.0-4.9 mph, moderate speed and effort, general",8.5,Winter Activities
480,"Skiing, cross country, 5.0-7.9 mph, brisk speed, vigorous effort",11.3,Winter Activities
481,"Skiing, cross country, elite skier",14,Winter Activities
482,"Skiing, cross country, 12-16 mph, elite skier, racing",16,Winter Activities
483,"Skiing, cross-country skiing high-intensity training",9.5,Winter Activities
484,"Skiing, cross country, hard snow, uphill, maximum, snow mountaineering",15.5,Winter Activities
485,"Skiing, cross-country, skating",13.3,Winter Activities
486,"Skiing, cross-country, biathlon, skating technique",13.5,Winter Activities
487,"Biathlon training, 5 degree incline, 8 km/h (5 mph), with/without rifle",12.8,Winter Activities
488,"Biathlon training, 5 degree incline, 10.7 km/h (5 mph), with/without rifle",12.8,Winter Activities
489,"Skiing, slalom",9.3,Winter Activities
490,"Skiing, downhill, alpine or snowboarding, light effort, active time only",4.3,Winter Activities
491,"Skiing, downhill, alpine or snowboarding, moderate effort, general, active time only",6.3,Winter Activities
492,"Skiing, downhill, alpine or snowboarding, vigorous effort, active time only",8,Winter Activities
493,"Skiing, Alpine skiing high-intensity training",7.3,Winter Activities
494,"Sledding, tobogganing, bobsledding, luge",7,Winter Activities
495,"Snow shoeing, moderate effort",5.3,Winter Activities
496,"Snow shoeing, vigorous effort",10,Winter Activities
497,"Snowmobiling, driving, moderate pace, flat land",3.8,Winter Activities
498,"Snowboarding, recreational, moderate pace, mountain",7.5,Winter Activities
499,"Snowmobiling, passenger, light",2,Winter Activities
500,"Snow shoveling, by hand, moderate effort",5.3,Winter Activities
501,"Snow shoveling, by hand, vigorous effort",7.5,Winter Activities
502,"Snow blower, walking and pushing",2.5,Winter Activities
503,"Skiing, roller, elite racers",12.5,Winter Activities
504,"Rollerskiing, 10 - 12.9 km/h, no incline",5.5,Winter Activities
505,"Rollerskiing, 13 - 16.9 km/h, no incline",6.8,Winter Activities
506,"Rollerskiing, 17 - 19.9 km/h, no incline",8.3,Winter Activities
507,"Rollerskiing, 20 - 23.9 km/h, no incline",10.5,Winter Activities
508,"Rollerskiing, 24 - 27.9 km/h, no incline",15,Winter Activities
509,"Rollerskiing, 10-15 km/h, 2-5 degree incline",12.5,Winter Activities
510,"Rollerskiing, 16-22 km/h, 2-5 degree incline",14.3,Winter Activities
511,"Rollerskiing, 6-9 km/h, 6-10 degree incline",12.3,Winter Activities
512,"Rollerskiing, >10 km/h, 6-10 degree incline",16,Winter Activities
513,"Mountaineering, downhill climbing, walking down with rope",9,Winter Activities
514,"Mountaineering, downhill climbing/cross-country skiing",10.3,Winter Activities
